company,ticker,cik,filing_date,period,revenue_reported,eps_diluted,net_income
Apple Inc.,AAPL,0000320193,2026-07-30,fiscal 2026 third quarter,109400.0,2.02,29789.0
Apple Inc.,AAPL,0000320193,2026-04-30,fiscal 2026 second quarter,111200.0,2.01,29578.0
Apple Inc.,AAPL,0000320193,2026-01-29,fiscal 2026 first quarter,143800.0,2.84,42097.0
Apple Inc.,AAPL,0000320193,2025-10-30,fiscal 2025 fourth quarter,102500.0,1.85,27466.0
Microsoft Corporation,MSFT,0000789019,2026-07-29,"quarter ended June 30, 2026",90000.0,4.81,35800.0
Microsoft Corporation,MSFT,0000789019,2026-04-29,"quarter ended March 31, 2026",82900.0,4.27,31800.0
Microsoft Corporation,MSFT,0000789019,2026-01-28,"quarter ended December 31, 2025",81300.0,5.16,38500.0
Microsoft Corporation,MSFT,0000789019,2025-10-29,"quarter ended September 30, 2025",77700.0,3.72,27700.0
NVIDIA Corporation,NVDA,0001045810,2026-08-26,q2fy27,96200.0,2.46,59688.0
NVIDIA Corporation,NVDA,0001045810,2026-05-20,q1fy27,81600.0,2.39,58321.0
NVIDIA Corporation,NVDA,0001045810,2026-02-25,q4fy26,68100.0,1.76,42960.0
NVIDIA Corporation,NVDA,0001045810,2025-11-19,q3fy26,57000.0,1.3,31910.0
JPMorgan Chase & Co.,JPM,0000019617,2026-07-14,SECOND QUARTER 2026,57300.0,7.7,21200.0
JPMorgan Chase & Co.,JPM,0000019617,2026-04-14,FIRST QUARTER 2026,49800.0,5.94,16500.0
JPMorgan Chase & Co.,JPM,0000019617,2026-01-13,FOURTH QUARTER 2025,45800.0,4.63,13000.0
JPMorgan Chase & Co.,JPM,0000019617,2025-10-14,THIRD QUARTER 2025,46400.0,5.07,14400.0
Walmart Inc.,WMT,0000104169,2026-08-20,Q2 FY27,187900.0,0.8,6366.0
Walmart Inc.,WMT,0000104169,2026-05-21,Q1 FY27,177800.0,0.67,5330.0
Walmart Inc.,WMT,0000104169,2026-02-19,Q4 FY26,190700.0,0.53,4237.0
Walmart Inc.,WMT,0000104169,2025-11-20,Q3 FY26,179500.0,0.77,6143.0
